﻿{
    "Name": "moonslime.cooking.saladsando",
    "TranslationKey": "moonslime.cooking.saladsando",
    "Category": "Cooking",
    "CategoryTextOverride": "",
    "CategoryColorOverride": "0, 0, 0, 0",
    "Edibility": 33,
    "EdibleIsDrink": false,
    "EdibleBuffs": null,
    "Price": 195,
    "IsColored": false,
    "Recipe": {
        "ResultCount": 1,
        "Ingredients": [
            {
                "Object": 216, // Bread
                "Count": 1
            },
            {
                "Object": 196, // Salad
                "Count": 1
            },
            {
                "Object": 256, // Tomato
                "Count": 1
            }
        ],
        "CanPurchase": false,
        "PurchaseFrom": "Gus",
        "PurchasePrice": 500,
        "PurchaseRequirements": null
    },
    "CanPurchase": false,
    "PurchaseFrom": "Gus",
    "PurchasePrice": 405,
    "PurchaseRequirements": null,
    "GiftTastes": {
        "Love": [
            "Leah",
            "Demetrius"
        ],
        "Like": [
            "Vincent",
            "Jas",
            "Penny",
            "Gus",
            "Marnie",
            "Clint",
            "Evelyn",
            "George",
            "Abigail",
            "Alex",
            "Caroline",
            "Elliott",
            "Emily",
            "Haley",
            "Jodi",
            "Lewis",
            "Linus",
            "Maru",
            "Pierre",
            "Robin",
            "Sam",
            "Sandy",
            "Willy",
            "Pam"
        ],
        "Neutral": [
            "Kent",
            "Wizard"
        ],
        "Dislike": [
            "Shane",
            "Sebastian",
            "Dwarf",
            "Harvey"
        ],
        "Hate": [
            "Krobus"
        ]
    }
}
