﻿{
	"0": [],
    "1": [ "moonslime.excavation.glass_bazier", "moonslime.excavation.dummy_path_glass", "moonslime.excavation.glass_fence" ],
	"2": ["moonslime.excavation.preservation_chamber", "moonslime.excavation.w_display"],
    "3": [ "moonslime.excavation.dummy_path_bone" ],
    "4": [ "moonslime.excavation.dummy_water_strainer" ],
	"5": [],
    "6": [ "moonslime.excavation.ancient_battery" ],
	"7": ["moonslime.excavation.h_display"],
	"8": ["moonslime.excavation.grinder"],
    "9": [ "moonslime.excavation.totem_volcano_warp" ],
	"10": []
}
