﻿{
	"0": [],
	"1": [ "burrito", "fritters" ],
	"2": [ "porridge", "breakfast" ],
	"3": [ "lobster", "loadedpotato", "stuffedpotato", "bakedpotato" ],
	"4": [ "cake", "hotcocoa", "waffles", "mornay" ],
	"5": [],
	"6": [ "redberrypie", "unagi", "cabbagepot", "stew", "onionsoup" ],
	"7": [ "applepie", "eggsando", "skewers", "tropicalsalad", "burger" ],
	"8": [ "admiralpie", "saladsando", "dwarfstew", "roast", "hunters" ],
	"9": [ "gardenpie", "seafoodsando", "curry", "kebab", "oceanplatter" ],
	"10": []
}