{
    "Name": "moonslime.excavation.ancient_battery",
    "Price": 100,
    "ProvidesLight": false,
    "ReserveExtraIndexCount": 1,
    "Recipe": {
        "ResultCount": 1,
        "Ingredients": [
            {
                "Object": 390,
                "Count": 40
            },
			{
                "Object": 334,
                "Count": 10
            },
			{
                "Object": 335,
                "Count": 5
            }
        ],
        "CanPurchase": false
    },
    "CanPurchase": false,
    "TranslationKey": "moonslime.excavation.ancient_battery"
}