﻿[{
		"ProducerName": "moonslime.excavation.preservation_chamber",
		"AlternateFrameProducing": false,
		"AlternateFrameWhenReady": false,
		"DisableBouncingAnimationWhileWorking": false,
		"ProducingAnimation": {
			"RelativeFrameIndex": [1, 2, 3],
			"FrameInterval": 10
		},
		"ReadyAnimation": {
			"RelativeFrameIndex": [1]
		}
	},
	{
		"ProducerName": "moonslime.excavation.h_preservation_chamber",
		"AlternateFrameProducing": false,
		"AlternateFrameWhenReady": false,
		"DisableBouncingAnimationWhileWorking": false,
		"ProducingAnimation": {
			"RelativeFrameIndex": [1, 2, 3],
			"FrameInterval": 10
		},
		"ReadyAnimation": {
			"RelativeFrameIndex": [1]
		}
	},
	{
		"ProducerName": "moonslime.excavation.grinder",
		"AlternateFrameProducing": false,
		"AlternateFrameWhenReady": false,
		"DisableBouncingAnimationWhileWorking": false,
		"ProducingAnimation": {
			"RelativeFrameIndex": [1, 2],
			"FrameInterval": 10
		},
		"ReadyAnimation": {
			"RelativeFrameIndex": [1]
		}
	},
	{
		"ProducerName": "moonslime.excavation.ancient_battery",
		"AlternateFrameProducing": false,
		"AlternateFrameWhenReady": false,
		"DisableBouncingAnimationWhileWorking": false,
		"ProducingAnimation": {
			"RelativeFrameIndex": [1],
			"FrameInterval": 10
		},
		"ReadyAnimation": {
			"RelativeFrameIndex": [1]
		}
	}
]
