﻿[{
		"ProducerName": "moonslime.excavation.preservation_chamber",
		"InputIdentifier": "823",
		"InputStack": 1,
		"FuelIdentifier": "moonslime.excavation.w_display",
		"FuelStack": 1,
		"MinutesUntilReady": 800,
		"OutputIdentifier": "moonslime.excavation.w_fossilized_leg",
		"InputPriceBased": true,
		"OutputPriceMultiplier": 4,
		"OutputPriceIncrement": 200,
		"KeepInputQuality": false,
		"Sounds": ["fireball"],
		"PlacingAnimation": "CharcoalKilnSmoke",
		"PlacingAnimationColorName": "DarkGray",
		"PlacingAnimationOffsetY": 57,
		"PlacingAnimationOffsetX": -10
	},
	{
		"ProducerName": "moonslime.excavation.preservation_chamber",
		"InputIdentifier": "824",
		"InputStack": 1,
		"FuelIdentifier": "moonslime.excavation.w_display",
		"FuelStack": 1,
		"MinutesUntilReady": 800,
		"OutputIdentifier": "moonslime.excavation.w_fossilized_ribs",
		"InputPriceBased": true,
		"OutputPriceMultiplier": 4,
		"OutputPriceIncrement": 200,
		"KeepInputQuality": false,
		"Sounds": ["fireball"],
		"PlacingAnimation": "CharcoalKilnSmoke",
		"PlacingAnimationColorName": "DarkGray",
		"PlacingAnimationOffsetY": 57,
		"PlacingAnimationOffsetX": -10
	},
	{
		"ProducerName": "moonslime.excavation.preservation_chamber",
		"InputIdentifier": "820",
		"InputStack": 1,
		"FuelIdentifier": "moonslime.excavation.w_display",
		"FuelStack": 1,
		"MinutesUntilReady": 800,
		"OutputIdentifier": "moonslime.excavation.w_fossilized_skull",
		"InputPriceBased": true,
		"OutputPriceMultiplier": 4,
		"OutputPriceIncrement": 200,
		"KeepInputQuality": false,
		"Sounds": ["fireball"],
		"PlacingAnimation": "CharcoalKilnSmoke",
		"PlacingAnimationColorName": "DarkGray",
		"PlacingAnimationOffsetY": 57,
		"PlacingAnimationOffsetX": -10
	},
	{
		"ProducerName": "moonslime.excavation.preservation_chamber",
		"InputIdentifier": "821",
		"InputStack": 1,
		"FuelIdentifier": "moonslime.excavation.w_display",
		"FuelStack": 1,
		"MinutesUntilReady": 800,
		"OutputIdentifier": "moonslime.excavation.w_fossilized_spine",
		"InputPriceBased": true,
		"OutputPriceMultiplier": 4,
		"OutputPriceIncrement": 200,
		"KeepInputQuality": false,
		"Sounds": ["fireball"],
		"PlacingAnimation": "CharcoalKilnSmoke",
		"PlacingAnimationColorName": "DarkGray",
		"PlacingAnimationOffsetY": 57,
		"PlacingAnimationOffsetX": -10
	},
	{
		"ProducerName": "moonslime.excavation.preservation_chamber",
		"InputIdentifier": "822",
		"InputStack": 1,
		"FuelIdentifier": "moonslime.excavation.w_display",
		"FuelStack": 1,
		"MinutesUntilReady": 800,
		"OutputIdentifier": "moonslime.excavation.w_fossilized_tail",
		"InputPriceBased": true,
		"OutputPriceMultiplier": 4,
		"OutputPriceIncrement": 200,
		"KeepInputQuality": false,
		"Sounds": ["fireball"],
		"PlacingAnimation": "CharcoalKilnSmoke",
		"PlacingAnimationColorName": "DarkGray",
		"PlacingAnimationOffsetY": 57,
		"PlacingAnimationOffsetX": -10
	},
	{
		"ProducerName": "moonslime.excavation.preservation_chamber",
		"InputIdentifier": "827",
		"InputStack": 1,
		"FuelIdentifier": "moonslime.excavation.w_display",
		"FuelStack": 1,
		"MinutesUntilReady": 800,
		"OutputIdentifier": "moonslime.excavation.w_mummified_bat",
		"InputPriceBased": true,
		"OutputPriceMultiplier": 4,
		"OutputPriceIncrement": 200,
		"KeepInputQuality": false,
		"Sounds": ["fireball"],
		"PlacingAnimation": "CharcoalKilnSmoke",
		"PlacingAnimationColorName": "DarkGray",
		"PlacingAnimationOffsetY": 57,
		"PlacingAnimationOffsetX": -10
	},
	{
		"ProducerName": "moonslime.excavation.preservation_chamber",
		"InputIdentifier": "828",
		"InputStack": 1,
		"FuelIdentifier": "moonslime.excavation.w_display",
		"FuelStack": 1,
		"MinutesUntilReady": 800,
		"OutputIdentifier": "moonslime.excavation.w_mummified_frog",
		"InputPriceBased": true,
		"OutputPriceMultiplier": 4,
		"OutputPriceIncrement": 200,
		"KeepInputQuality": false,
		"Sounds": ["fireball"],
		"PlacingAnimation": "CharcoalKilnSmoke",
		"PlacingAnimationColorName": "DarkGray",
		"PlacingAnimationOffsetY": 57,
		"PlacingAnimationOffsetX": -10
	},
	{
		"ProducerName": "moonslime.excavation.preservation_chamber",
		"InputIdentifier": "825",
		"InputStack": 1,
		"FuelIdentifier": "moonslime.excavation.w_display",
		"FuelStack": 1,
		"MinutesUntilReady": 800,
		"OutputIdentifier": "moonslime.excavation.w_snake_skull",
		"InputPriceBased": true,
		"OutputPriceMultiplier": 4,
		"OutputPriceIncrement": 200,
		"KeepInputQuality": false,
		"Sounds": ["fireball"],
		"PlacingAnimation": "CharcoalKilnSmoke",
		"PlacingAnimationColorName": "DarkGray",
		"PlacingAnimationOffsetY": 57,
		"PlacingAnimationOffsetX": -10
	},
	{
		"ProducerName": "moonslime.excavation.preservation_chamber",
		"InputIdentifier": "826",
		"InputStack": 1,
		"FuelIdentifier": "moonslime.excavation.w_display",
		"FuelStack": 1,
		"MinutesUntilReady": 800,
		"OutputIdentifier": "moonslime.excavation.w_snake_vertebrae",
		"InputPriceBased": true,
		"OutputPriceMultiplier": 4,
		"OutputPriceIncrement": 200,
		"KeepInputQuality": false,
		"Sounds": ["fireball"],
		"PlacingAnimation": "CharcoalKilnSmoke",
		"PlacingAnimationColorName": "DarkGray",
		"PlacingAnimationOffsetY": 57,
		"PlacingAnimationOffsetX": -10
	},
	{
		"ProducerName": "moonslime.excavation.preservation_chamber",
		"InputIdentifier": "823",
		"InputStack": 1,
		"FuelIdentifier": "moonslime.excavation.h_display",
		"FuelStack": 1,
		"MinutesUntilReady": 1600,
		"OutputIdentifier": "moonslime.excavation.h_fossilized_leg",
		"InputPriceBased": true,
		"OutputPriceMultiplier": 4,
		"OutputPriceIncrement": 200,
		"KeepInputQuality": false,
		"Sounds": ["fireball"],
		"PlacingAnimation": "CharcoalKilnSmoke",
		"PlacingAnimationColorName": "DarkGray",
		"PlacingAnimationOffsetY": 57,
		"PlacingAnimationOffsetX": -10
	},
	{
		"ProducerName": "moonslime.excavation.preservation_chamber",
		"InputIdentifier": "824",
		"InputStack": 1,
		"FuelIdentifier": "moonslime.excavation.h_display",
		"FuelStack": 1,
		"MinutesUntilReady": 1600,
		"OutputIdentifier": "moonslime.excavation.h_fossilized_ribs",
		"InputPriceBased": true,
		"OutputPriceMultiplier": 4,
		"OutputPriceIncrement": 200,
		"KeepInputQuality": false,
		"Sounds": ["fireball"],
		"PlacingAnimation": "CharcoalKilnSmoke",
		"PlacingAnimationColorName": "DarkGray",
		"PlacingAnimationOffsetY": 57,
		"PlacingAnimationOffsetX": -10
	},
	{
		"ProducerName": "moonslime.excavation.preservation_chamber",
		"InputIdentifier": "820",
		"InputStack": 1,
		"FuelIdentifier": "moonslime.excavation.h_display",
		"FuelStack": 1,
		"MinutesUntilReady": 1600,
		"OutputIdentifier": "moonslime.excavation.h_fossilized_skull",
		"InputPriceBased": true,
		"OutputPriceMultiplier": 4,
		"OutputPriceIncrement": 200,
		"KeepInputQuality": false,
		"Sounds": ["fireball"],
		"PlacingAnimation": "CharcoalKilnSmoke",
		"PlacingAnimationColorName": "DarkGray",
		"PlacingAnimationOffsetY": 57,
		"PlacingAnimationOffsetX": -10
	},
	{
		"ProducerName": "moonslime.excavation.preservation_chamber",
		"InputIdentifier": "821",
		"InputStack": 1,
		"FuelIdentifier": "moonslime.excavation.h_display",
		"FuelStack": 1,
		"MinutesUntilReady": 1600,
		"OutputIdentifier": "moonslime.excavation.h_fossilized_spine",
		"InputPriceBased": true,
		"OutputPriceMultiplier": 4,
		"OutputPriceIncrement": 200,
		"KeepInputQuality": false,
		"Sounds": ["fireball"],
		"PlacingAnimation": "CharcoalKilnSmoke",
		"PlacingAnimationColorName": "DarkGray",
		"PlacingAnimationOffsetY": 57,
		"PlacingAnimationOffsetX": -10
	},
	{
		"ProducerName": "moonslime.excavation.preservation_chamber",
		"InputIdentifier": "822",
		"InputStack": 1,
		"FuelIdentifier": "moonslime.excavation.h_display",
		"FuelStack": 1,
		"MinutesUntilReady": 1600,
		"OutputIdentifier": "moonslime.excavation.h_fossilized_tail",
		"InputPriceBased": true,
		"OutputPriceMultiplier": 4,
		"OutputPriceIncrement": 200,
		"KeepInputQuality": false,
		"Sounds": ["fireball"],
		"PlacingAnimation": "CharcoalKilnSmoke",
		"PlacingAnimationColorName": "DarkGray",
		"PlacingAnimationOffsetY": 57,
		"PlacingAnimationOffsetX": -10
	},
	{
		"ProducerName": "moonslime.excavation.preservation_chamber",
		"InputIdentifier": "827",
		"InputStack": 1,
		"FuelIdentifier": "moonslime.excavation.h_display",
		"FuelStack": 1,
		"MinutesUntilReady": 1600,
		"OutputIdentifier": "moonslime.excavation.h_mummified_bat",
		"InputPriceBased": true,
		"OutputPriceMultiplier": 4,
		"OutputPriceIncrement": 200,
		"KeepInputQuality": false,
		"Sounds": ["fireball"],
		"PlacingAnimation": "CharcoalKilnSmoke",
		"PlacingAnimationColorName": "DarkGray",
		"PlacingAnimationOffsetY": 57,
		"PlacingAnimationOffsetX": -10
	},
	{
		"ProducerName": "moonslime.excavation.preservation_chamber",
		"InputIdentifier": "828",
		"InputStack": 1,
		"FuelIdentifier": "moonslime.excavation.h_display",
		"FuelStack": 1,
		"MinutesUntilReady": 1600,
		"OutputIdentifier": "moonslime.excavation.h_mummified_frog",
		"InputPriceBased": true,
		"OutputPriceMultiplier": 4,
		"OutputPriceIncrement": 200,
		"KeepInputQuality": false,
		"Sounds": ["fireball"],
		"PlacingAnimation": "CharcoalKilnSmoke",
		"PlacingAnimationColorName": "DarkGray",
		"PlacingAnimationOffsetY": 57,
		"PlacingAnimationOffsetX": -10
	},
	{
		"ProducerName": "moonslime.excavation.preservation_chamber",
		"InputIdentifier": "825",
		"InputStack": 1,
		"FuelIdentifier": "moonslime.excavation.h_display",
		"FuelStack": 1,
		"MinutesUntilReady": 1600,
		"OutputIdentifier": "moonslime.excavation.h_snake_skull",
		"InputPriceBased": true,
		"OutputPriceMultiplier": 4,
		"OutputPriceIncrement": 200,
		"KeepInputQuality": false,
		"Sounds": ["fireball"],
		"PlacingAnimation": "CharcoalKilnSmoke",
		"PlacingAnimationColorName": "DarkGray",
		"PlacingAnimationOffsetY": 57,
		"PlacingAnimationOffsetX": -10
	},
	{
		"ProducerName": "moonslime.excavation.preservation_chamber",
		"InputIdentifier": "826",
		"InputStack": 1,
		"FuelIdentifier": "moonslime.excavation.h_display",
		"FuelStack": 1,
		"MinutesUntilReady": 1600,
		"OutputIdentifier": "moonslime.excavation.h_snake_vertebrae",
		"InputPriceBased": true,
		"OutputPriceMultiplier": 4,
		"OutputPriceIncrement": 200,
		"KeepInputQuality": false,
		"Sounds": ["fireball"],
		"PlacingAnimation": "CharcoalKilnSmoke",
		"PlacingAnimationColorName": "DarkGray",
		"PlacingAnimationOffsetY": 57,
		"PlacingAnimationOffsetX": -10
	},
	{
		"ProducerName": "moonslime.excavation.preservation_chamber",
		"InputIdentifier": "587",
		"InputStack": 1,
		"FuelIdentifier": "moonslime.excavation.h_display",
		"FuelStack": 1,
		"MinutesUntilReady": 1600,
		"OutputIdentifier": "moonslime.excavation.h_amphibian_fossil",
		"InputPriceBased": true,
		"OutputPriceMultiplier": 4,
		"OutputPriceIncrement": 200,
		"KeepInputQuality": false,
		"Sounds": ["fireball"],
		"PlacingAnimation": "CharcoalKilnSmoke",
		"PlacingAnimationColorName": "DarkGray",
		"PlacingAnimationOffsetY": 57,
		"PlacingAnimationOffsetX": -10
	},
	{
		"ProducerName": "moonslime.excavation.preservation_chamber",
		"InputIdentifier": "117",
		"InputStack": 1,
		"FuelIdentifier": "moonslime.excavation.h_display",
		"FuelStack": 1,
		"MinutesUntilReady": 1600,
		"OutputIdentifier": "moonslime.excavation.h_anchor",
		"InputPriceBased": true,
		"OutputPriceMultiplier": 4,
		"OutputPriceIncrement": 200,
		"KeepInputQuality": false,
		"Sounds": ["fireball"],
		"PlacingAnimation": "CharcoalKilnSmoke",
		"PlacingAnimationColorName": "DarkGray",
		"PlacingAnimationOffsetY": 57,
		"PlacingAnimationOffsetX": -10
	},
	{
		"ProducerName": "moonslime.excavation.preservation_chamber",
		"InputIdentifier": "103",
		"InputStack": 1,
		"FuelIdentifier": "moonslime.excavation.h_display",
		"FuelStack": 1,
		"MinutesUntilReady": 1600,
		"OutputIdentifier": "moonslime.excavation.h_ancient_doll",
		"InputPriceBased": true,
		"OutputPriceMultiplier": 4,
		"OutputPriceIncrement": 200,
		"KeepInputQuality": false,
		"Sounds": ["fireball"],
		"PlacingAnimation": "CharcoalKilnSmoke",
		"PlacingAnimationColorName": "DarkGray",
		"PlacingAnimationOffsetY": 57,
		"PlacingAnimationOffsetX": -10
	},
	{
		"ProducerName": "moonslime.excavation.preservation_chamber",
		"InputIdentifier": "123",
		"InputStack": 1,
		"FuelIdentifier": "moonslime.excavation.h_display",
		"FuelStack": 1,
		"MinutesUntilReady": 1600,
		"OutputIdentifier": "moonslime.excavation.h_ancient_drum",
		"InputPriceBased": true,
		"OutputPriceMultiplier": 4,
		"OutputPriceIncrement": 200,
		"KeepInputQuality": false,
		"Sounds": ["fireball"],
		"PlacingAnimation": "CharcoalKilnSmoke",
		"PlacingAnimationColorName": "DarkGray",
		"PlacingAnimationOffsetY": 57,
		"PlacingAnimationOffsetX": -10
	},
	{
		"ProducerName": "moonslime.excavation.preservation_chamber",
		"InputIdentifier": "114",
		"InputStack": 1,
		"FuelIdentifier": "moonslime.excavation.h_display",
		"FuelStack": 1,
		"MinutesUntilReady": 1600,
		"OutputIdentifier": "moonslime.excavation.h_ancient_seed",
		"InputPriceBased": true,
		"OutputPriceMultiplier": 4,
		"OutputPriceIncrement": 200,
		"KeepInputQuality": false,
		"Sounds": ["fireball"],
		"PlacingAnimation": "CharcoalKilnSmoke",
		"PlacingAnimationColorName": "DarkGray",
		"PlacingAnimationOffsetY": 57,
		"PlacingAnimationOffsetX": -10
	},
	{
		"ProducerName": "moonslime.excavation.preservation_chamber",
		"InputIdentifier": "109",
		"InputStack": 1,
		"FuelIdentifier": "moonslime.excavation.h_display",
		"FuelStack": 1,
		"MinutesUntilReady": 1600,
		"OutputIdentifier": "moonslime.excavation.h_ancient_sword",
		"InputPriceBased": true,
		"OutputPriceMultiplier": 4,
		"OutputPriceIncrement": 200,
		"KeepInputQuality": false,
		"Sounds": ["fireball"],
		"PlacingAnimation": "CharcoalKilnSmoke",
		"PlacingAnimationColorName": "DarkGray",
		"PlacingAnimationOffsetY": 57,
		"PlacingAnimationOffsetX": -10
	},
	{
		"ProducerName": "moonslime.excavation.preservation_chamber",
		"InputIdentifier": "101",
		"InputStack": 1,
		"FuelIdentifier": "moonslime.excavation.h_display",
		"FuelStack": 1,
		"MinutesUntilReady": 1600,
		"OutputIdentifier": "moonslime.excavation.h_arrowhead",
		"InputPriceBased": true,
		"OutputPriceMultiplier": 4,
		"OutputPriceIncrement": 200,
		"KeepInputQuality": false,
		"Sounds": ["fireball"],
		"PlacingAnimation": "CharcoalKilnSmoke",
		"PlacingAnimationColorName": "DarkGray",
		"PlacingAnimationOffsetY": 57,
		"PlacingAnimationOffsetX": -10
	},
	{
		"ProducerName": "moonslime.excavation.preservation_chamber",
		"InputIdentifier": "119",
		"InputStack": 1,
		"FuelIdentifier": "moonslime.excavation.h_display",
		"FuelStack": 1,
		"MinutesUntilReady": 1600,
		"OutputIdentifier": "moonslime.excavation.h_bone_flute",
		"InputPriceBased": true,
		"OutputPriceMultiplier": 4,
		"OutputPriceIncrement": 200,
		"KeepInputQuality": false,
		"Sounds": ["fireball"],
		"PlacingAnimation": "CharcoalKilnSmoke",
		"PlacingAnimationColorName": "DarkGray",
		"PlacingAnimationOffsetY": 57,
		"PlacingAnimationOffsetX": -10
	},
	{
		"ProducerName": "moonslime.excavation.preservation_chamber",
		"InputIdentifier": "105",
		"InputStack": 1,
		"FuelIdentifier": "moonslime.excavation.h_display",
		"FuelStack": 1,
		"MinutesUntilReady": 1600,
		"OutputIdentifier": "moonslime.excavation.h_chewing_stick",
		"InputPriceBased": true,
		"OutputPriceMultiplier": 4,
		"OutputPriceIncrement": 200,
		"KeepInputQuality": false,
		"Sounds": ["fireball"],
		"PlacingAnimation": "CharcoalKilnSmoke",
		"PlacingAnimationColorName": "DarkGray",
		"PlacingAnimationOffsetY": 57,
		"PlacingAnimationOffsetX": -10
	},
	{
		"ProducerName": "moonslime.excavation.preservation_chamber",
		"InputIdentifier": "113",
		"InputStack": 1,
		"FuelIdentifier": "moonslime.excavation.h_display",
		"FuelStack": 1,
		"MinutesUntilReady": 1600,
		"OutputIdentifier": "moonslime.excavation.h_chicken_statue",
		"InputPriceBased": true,
		"OutputPriceMultiplier": 4,
		"OutputPriceIncrement": 200,
		"KeepInputQuality": false,
		"Sounds": ["fireball"],
		"PlacingAnimation": "CharcoalKilnSmoke",
		"PlacingAnimationColorName": "DarkGray",
		"PlacingAnimationOffsetY": 57,
		"PlacingAnimationOffsetX": -10
	},
	{
		"ProducerName": "moonslime.excavation.preservation_chamber",
		"InputIdentifier": "100",
		"InputStack": 1,
		"FuelIdentifier": "moonslime.excavation.h_display",
		"FuelStack": 1,
		"MinutesUntilReady": 1600,
		"OutputIdentifier": "moonslime.excavation.h_chipped_amphora",
		"InputPriceBased": true,
		"OutputPriceMultiplier": 4,
		"OutputPriceIncrement": 200,
		"KeepInputQuality": false,
		"Sounds": ["fireball"],
		"PlacingAnimation": "CharcoalKilnSmoke",
		"PlacingAnimationColorName": "DarkGray",
		"PlacingAnimationOffsetY": 57,
		"PlacingAnimationOffsetX": -10
	},
	{
		"ProducerName": "moonslime.excavation.preservation_chamber",
		"InputIdentifier": "107",
		"InputStack": 1,
		"FuelIdentifier": "moonslime.excavation.h_display",
		"FuelStack": 1,
		"MinutesUntilReady": 1600,
		"OutputIdentifier": "moonslime.excavation.h_dinosaur_egg",
		"InputPriceBased": true,
		"OutputPriceMultiplier": 4,
		"OutputPriceIncrement": 200,
		"KeepInputQuality": false,
		"Sounds": ["fireball"],
		"PlacingAnimation": "CharcoalKilnSmoke",
		"PlacingAnimationColorName": "DarkGray",
		"PlacingAnimationOffsetY": 57,
		"PlacingAnimationOffsetX": -10
	},
	{
		"ProducerName": "moonslime.excavation.preservation_chamber",
		"InputIdentifier": "116",
		"InputStack": 1,
		"FuelIdentifier": "moonslime.excavation.h_display",
		"FuelStack": 1,
		"MinutesUntilReady": 1600,
		"OutputIdentifier": "moonslime.excavation.h_dried_starfish",
		"InputPriceBased": true,
		"OutputPriceMultiplier": 4,
		"OutputPriceIncrement": 200,
		"KeepInputQuality": false,
		"Sounds": ["fireball"],
		"PlacingAnimation": "CharcoalKilnSmoke",
		"PlacingAnimationColorName": "DarkGray",
		"PlacingAnimationOffsetY": 57,
		"PlacingAnimationOffsetX": -10
	},
	{
		"ProducerName": "moonslime.excavation.preservation_chamber",
		"InputIdentifier": "122",
		"InputStack": 1,
		"FuelIdentifier": "moonslime.excavation.h_display",
		"FuelStack": 1,
		"MinutesUntilReady": 1600,
		"OutputIdentifier": "moonslime.excavation.h_dwarf_gadget",
		"InputPriceBased": true,
		"OutputPriceMultiplier": 4,
		"OutputPriceIncrement": 200,
		"KeepInputQuality": false,
		"Sounds": ["fireball"],
		"PlacingAnimation": "CharcoalKilnSmoke",
		"PlacingAnimationColorName": "DarkGray",
		"PlacingAnimationOffsetY": 57,
		"PlacingAnimationOffsetX": -10
	},
	{
		"ProducerName": "moonslime.excavation.preservation_chamber",
		"InputIdentifier": "121",
		"InputStack": 1,
		"FuelIdentifier": "moonslime.excavation.h_display",
		"FuelStack": 1,
		"MinutesUntilReady": 1600,
		"OutputIdentifier": "moonslime.excavation.h_dwarvish_helm",
		"InputPriceBased": true,
		"OutputPriceMultiplier": 4,
		"OutputPriceIncrement": 200,
		"KeepInputQuality": false,
		"Sounds": ["fireball"],
		"PlacingAnimation": "CharcoalKilnSmoke",
		"PlacingAnimationColorName": "DarkGray",
		"PlacingAnimationOffsetY": 57,
		"PlacingAnimationOffsetX": -10
	},
	{
		"ProducerName": "moonslime.excavation.preservation_chamber",
		"InputIdentifier": "104",
		"InputStack": 1,
		"FuelIdentifier": "moonslime.excavation.h_display",
		"FuelStack": 1,
		"MinutesUntilReady": 1600,
		"OutputIdentifier": "moonslime.excavation.h_elvish_jewelry",
		"InputPriceBased": true,
		"OutputPriceMultiplier": 4,
		"OutputPriceIncrement": 200,
		"KeepInputQuality": false,
		"Sounds": ["fireball"],
		"PlacingAnimation": "CharcoalKilnSmoke",
		"PlacingAnimationColorName": "DarkGray",
		"PlacingAnimationOffsetY": 57,
		"PlacingAnimationOffsetX": -10
	},
	{
		"ProducerName": "moonslime.excavation.preservation_chamber",
		"InputIdentifier": "118",
		"InputStack": 1,
		"FuelIdentifier": "moonslime.excavation.h_display",
		"FuelStack": 1,
		"MinutesUntilReady": 1600,
		"OutputIdentifier": "moonslime.excavation.h_glass_shards",
		"InputPriceBased": true,
		"OutputPriceMultiplier": 4,
		"OutputPriceIncrement": 200,
		"KeepInputQuality": false,
		"Sounds": ["fireball"],
		"PlacingAnimation": "CharcoalKilnSmoke",
		"PlacingAnimationColorName": "DarkGray",
		"PlacingAnimationOffsetY": 57,
		"PlacingAnimationOffsetX": -10
	},
	{
		"ProducerName": "moonslime.excavation.preservation_chamber",
		"InputIdentifier": "124",
		"InputStack": 1,
		"FuelIdentifier": "moonslime.excavation.h_display",
		"FuelStack": 1,
		"MinutesUntilReady": 1600,
		"OutputIdentifier": "moonslime.excavation.h_golden_mask",
		"InputPriceBased": true,
		"OutputPriceMultiplier": 4,
		"OutputPriceIncrement": 200,
		"KeepInputQuality": false,
		"Sounds": ["fireball"],
		"PlacingAnimation": "CharcoalKilnSmoke",
		"PlacingAnimationColorName": "DarkGray",
		"PlacingAnimationOffsetY": 57,
		"PlacingAnimationOffsetX": -10
	},
	{
		"ProducerName": "moonslime.excavation.preservation_chamber",
		"InputIdentifier": "125",
		"InputStack": 1,
		"FuelIdentifier": "moonslime.excavation.h_display",
		"FuelStack": 1,
		"MinutesUntilReady": 1600,
		"OutputIdentifier": "moonslime.excavation.h_golden_relic",
		"InputPriceBased": true,
		"OutputPriceMultiplier": 4,
		"OutputPriceIncrement": 200,
		"KeepInputQuality": false,
		"Sounds": ["fireball"],
		"PlacingAnimation": "CharcoalKilnSmoke",
		"PlacingAnimationColorName": "DarkGray",
		"PlacingAnimationOffsetY": 57,
		"PlacingAnimationOffsetX": -10
	},
	{
		"ProducerName": "moonslime.excavation.preservation_chamber",
		"InputIdentifier": "586",
		"InputStack": 1,
		"FuelIdentifier": "moonslime.excavation.h_display",
		"FuelStack": 1,
		"MinutesUntilReady": 1600,
		"OutputIdentifier": "moonslime.excavation.h_nautilus_fossil",
		"InputPriceBased": true,
		"OutputPriceMultiplier": 4,
		"OutputPriceIncrement": 200,
		"KeepInputQuality": false,
		"Sounds": ["fireball"],
		"PlacingAnimation": "CharcoalKilnSmoke",
		"PlacingAnimationColorName": "DarkGray",
		"PlacingAnimationOffsetY": 57,
		"PlacingAnimationOffsetX": -10
	},
	{
		"ProducerName": "moonslime.excavation.preservation_chamber",
		"InputIdentifier": "106",
		"InputStack": 1,
		"FuelIdentifier": "moonslime.excavation.h_display",
		"FuelStack": 1,
		"MinutesUntilReady": 1600,
		"OutputIdentifier": "moonslime.excavation.h_ornamental_fan",
		"InputPriceBased": true,
		"OutputPriceMultiplier": 4,
		"OutputPriceIncrement": 200,
		"KeepInputQuality": false,
		"Sounds": ["fireball"],
		"PlacingAnimation": "CharcoalKilnSmoke",
		"PlacingAnimationColorName": "DarkGray",
		"PlacingAnimationOffsetY": 57,
		"PlacingAnimationOffsetX": -10
	},
	{
		"ProducerName": "moonslime.excavation.preservation_chamber",
		"InputIdentifier": "588",
		"InputStack": 1,
		"FuelIdentifier": "moonslime.excavation.h_display",
		"FuelStack": 1,
		"MinutesUntilReady": 1600,
		"OutputIdentifier": "moonslime.excavation.h_palm_fossil",
		"InputPriceBased": true,
		"OutputPriceMultiplier": 4,
		"OutputPriceIncrement": 200,
		"KeepInputQuality": false,
		"Sounds": ["fireball"],
		"PlacingAnimation": "CharcoalKilnSmoke",
		"PlacingAnimationColorName": "DarkGray",
		"PlacingAnimationOffsetY": 57,
		"PlacingAnimationOffsetX": -10
	},
	{
		"ProducerName": "moonslime.excavation.preservation_chamber",
		"InputIdentifier": "120",
		"InputStack": 1,
		"FuelIdentifier": "moonslime.excavation.h_display",
		"FuelStack": 1,
		"MinutesUntilReady": 1600,
		"OutputIdentifier": "moonslime.excavation.h_prehistoric_handaxe",
		"InputPriceBased": true,
		"OutputPriceMultiplier": 4,
		"OutputPriceIncrement": 200,
		"KeepInputQuality": false,
		"Sounds": ["fireball"],
		"PlacingAnimation": "CharcoalKilnSmoke",
		"PlacingAnimationColorName": "DarkGray",
		"PlacingAnimationOffsetY": 57,
		"PlacingAnimationOffsetX": -10
	},
	{
		"ProducerName": "moonslime.excavation.preservation_chamber",
		"InputIdentifier": "115",
		"InputStack": 1,
		"FuelIdentifier": "moonslime.excavation.h_display",
		"FuelStack": 1,
		"MinutesUntilReady": 1600,
		"OutputIdentifier": "moonslime.excavation.h_prehistoric_tool",
		"InputPriceBased": true,
		"OutputPriceMultiplier": 4,
		"OutputPriceIncrement": 200,
		"KeepInputQuality": false,
		"Sounds": ["fireball"],
		"PlacingAnimation": "CharcoalKilnSmoke",
		"PlacingAnimationColorName": "DarkGray",
		"PlacingAnimationOffsetY": 57,
		"PlacingAnimationOffsetX": -10
	},
	{
		"ProducerName": "moonslime.excavation.preservation_chamber",
		"InputIdentifier": "583",
		"InputStack": 1,
		"FuelIdentifier": "moonslime.excavation.h_display",
		"FuelStack": 1,
		"MinutesUntilReady": 1600,
		"OutputIdentifier": "moonslime.excavation.h_prehistoric_rib",
		"InputPriceBased": true,
		"OutputPriceMultiplier": 4,
		"OutputPriceIncrement": 200,
		"KeepInputQuality": false,
		"Sounds": ["fireball"],
		"PlacingAnimation": "CharcoalKilnSmoke",
		"PlacingAnimationColorName": "DarkGray",
		"PlacingAnimationOffsetY": 57,
		"PlacingAnimationOffsetX": -10
	},
	{
		"ProducerName": "moonslime.excavation.preservation_chamber",
		"InputIdentifier": "579",
		"InputStack": 1,
		"FuelIdentifier": "moonslime.excavation.h_display",
		"FuelStack": 1,
		"MinutesUntilReady": 1600,
		"OutputIdentifier": "moonslime.excavation.h_prehistoric_scapula",
		"InputPriceBased": true,
		"OutputPriceMultiplier": 4,
		"OutputPriceIncrement": 200,
		"KeepInputQuality": false,
		"Sounds": ["fireball"],
		"PlacingAnimation": "CharcoalKilnSmoke",
		"PlacingAnimationColorName": "DarkGray",
		"PlacingAnimationOffsetY": 57,
		"PlacingAnimationOffsetX": -10
	},
	{
		"ProducerName": "moonslime.excavation.preservation_chamber",
		"InputIdentifier": "581",
		"InputStack": 1,
		"FuelIdentifier": "moonslime.excavation.h_display",
		"FuelStack": 1,
		"MinutesUntilReady": 1600,
		"OutputIdentifier": "moonslime.excavation.h_prehistoric_skull",
		"InputPriceBased": true,
		"OutputPriceMultiplier": 4,
		"OutputPriceIncrement": 200,
		"KeepInputQuality": false,
		"Sounds": ["fireball"],
		"PlacingAnimation": "CharcoalKilnSmoke",
		"PlacingAnimationColorName": "DarkGray",
		"PlacingAnimationOffsetY": 57,
		"PlacingAnimationOffsetX": -10
	},
	{
		"ProducerName": "moonslime.excavation.preservation_chamber",
		"InputIdentifier": "580",
		"InputStack": 1,
		"FuelIdentifier": "moonslime.excavation.h_display",
		"FuelStack": 1,
		"MinutesUntilReady": 1600,
		"OutputIdentifier": "moonslime.excavation.h_prehistoric_tibia",
		"InputPriceBased": true,
		"OutputPriceMultiplier": 4,
		"OutputPriceIncrement": 200,
		"KeepInputQuality": false,
		"Sounds": ["fireball"],
		"PlacingAnimation": "CharcoalKilnSmoke",
		"PlacingAnimationColorName": "DarkGray",
		"PlacingAnimationOffsetY": 57,
		"PlacingAnimationOffsetX": -10
	},
	{
		"ProducerName": "moonslime.excavation.preservation_chamber",
		"InputIdentifier": "584",
		"InputStack": 1,
		"FuelIdentifier": "moonslime.excavation.h_display",
		"FuelStack": 1,
		"MinutesUntilReady": 1600,
		"OutputIdentifier": "moonslime.excavation.h_prehistoric_vertebra",
		"InputPriceBased": true,
		"OutputPriceMultiplier": 4,
		"OutputPriceIncrement": 200,
		"KeepInputQuality": false,
		"Sounds": ["fireball"],
		"PlacingAnimation": "CharcoalKilnSmoke",
		"PlacingAnimationColorName": "DarkGray",
		"PlacingAnimationOffsetY": 57,
		"PlacingAnimationOffsetX": -10
	},
	{
		"ProducerName": "moonslime.excavation.preservation_chamber",
		"InputIdentifier": "108",
		"InputStack": 1,
		"FuelIdentifier": "moonslime.excavation.h_display",
		"FuelStack": 1,
		"MinutesUntilReady": 1600,
		"OutputIdentifier": "moonslime.excavation.h_rare_disc",
		"InputPriceBased": true,
		"OutputPriceMultiplier": 4,
		"OutputPriceIncrement": 200,
		"KeepInputQuality": false,
		"Sounds": ["fireball"],
		"PlacingAnimation": "CharcoalKilnSmoke",
		"PlacingAnimationColorName": "DarkGray",
		"PlacingAnimationOffsetY": 57,
		"PlacingAnimationOffsetX": -10
	},
	{
		"ProducerName": "moonslime.excavation.preservation_chamber",
		"InputIdentifier": "112",
		"InputStack": 1,
		"FuelIdentifier": "moonslime.excavation.h_display",
		"FuelStack": 1,
		"MinutesUntilReady": 1600,
		"OutputIdentifier": "moonslime.excavation.h_rusty_cog",
		"InputPriceBased": true,
		"OutputPriceMultiplier": 4,
		"OutputPriceIncrement": 200,
		"KeepInputQuality": false,
		"Sounds": ["fireball"],
		"PlacingAnimation": "CharcoalKilnSmoke",
		"PlacingAnimationColorName": "DarkGray",
		"PlacingAnimationOffsetY": 57,
		"PlacingAnimationOffsetX": -10
	},
	{
		"ProducerName": "moonslime.excavation.preservation_chamber",
		"InputIdentifier": "111",
		"InputStack": 1,
		"FuelIdentifier": "moonslime.excavation.h_display",
		"FuelStack": 1,
		"MinutesUntilReady": 1600,
		"OutputIdentifier": "moonslime.excavation.h_rusty_spur",
		"InputPriceBased": true,
		"OutputPriceMultiplier": 4,
		"OutputPriceIncrement": 200,
		"KeepInputQuality": false,
		"Sounds": ["fireball"],
		"PlacingAnimation": "CharcoalKilnSmoke",
		"PlacingAnimationColorName": "DarkGray",
		"PlacingAnimationOffsetY": 57,
		"PlacingAnimationOffsetX": -10
	},
	{
		"ProducerName": "moonslime.excavation.preservation_chamber",
		"InputIdentifier": "110",
		"InputStack": 1,
		"FuelIdentifier": "moonslime.excavation.h_display",
		"FuelStack": 1,
		"MinutesUntilReady": 1600,
		"OutputIdentifier": "moonslime.excavation.h_rusty_spoon",
		"InputPriceBased": true,
		"OutputPriceMultiplier": 4,
		"OutputPriceIncrement": 200,
		"KeepInputQuality": false,
		"Sounds": ["fireball"],
		"PlacingAnimation": "CharcoalKilnSmoke",
		"PlacingAnimationColorName": "DarkGray",
		"PlacingAnimationOffsetY": 57,
		"PlacingAnimationOffsetX": -10
	},
	{
		"ProducerName": "moonslime.excavation.preservation_chamber",
		"InputIdentifier": "582",
		"InputStack": 1,
		"FuelIdentifier": "moonslime.excavation.h_display",
		"FuelStack": 1,
		"MinutesUntilReady": 1600,
		"OutputIdentifier": "moonslime.excavation.h_skeletal_hand",
		"InputPriceBased": true,
		"OutputPriceMultiplier": 4,
		"OutputPriceIncrement": 200,
		"KeepInputQuality": false,
		"Sounds": ["fireball"],
		"PlacingAnimation": "CharcoalKilnSmoke",
		"PlacingAnimationColorName": "DarkGray",
		"PlacingAnimationOffsetY": 57,
		"PlacingAnimationOffsetX": -10
	},
	{
		"ProducerName": "moonslime.excavation.preservation_chamber",
		"InputIdentifier": "585",
		"InputStack": 1,
		"FuelIdentifier": "moonslime.excavation.h_display",
		"FuelStack": 1,
		"MinutesUntilReady": 1600,
		"OutputIdentifier": "moonslime.excavation.h_skeletal_tail",
		"InputPriceBased": true,
		"OutputPriceMultiplier": 4,
		"OutputPriceIncrement": 200,
		"KeepInputQuality": false,
		"Sounds": ["fireball"],
		"PlacingAnimation": "CharcoalKilnSmoke",
		"PlacingAnimationColorName": "DarkGray",
		"PlacingAnimationOffsetY": 57,
		"PlacingAnimationOffsetX": -10
	},
	{
		"ProducerName": "moonslime.excavation.preservation_chamber",
		"InputIdentifier": "126",
		"InputStack": 1,
		"FuelIdentifier": "moonslime.excavation.h_display",
		"FuelStack": 1,
		"MinutesUntilReady": 1600,
		"OutputIdentifier": "moonslime.excavation.h_strange_doll_green",
		"InputPriceBased": true,
		"OutputPriceMultiplier": 4,
		"OutputPriceIncrement": 200,
		"KeepInputQuality": false,
		"Sounds": ["fireball"],
		"PlacingAnimation": "CharcoalKilnSmoke",
		"PlacingAnimationColorName": "DarkGray",
		"PlacingAnimationOffsetY": 57,
		"PlacingAnimationOffsetX": -10
	},
	{
		"ProducerName": "moonslime.excavation.preservation_chamber",
		"InputIdentifier": "127",
		"InputStack": 1,
		"FuelIdentifier": "moonslime.excavation.h_display",
		"FuelStack": 1,
		"MinutesUntilReady": 1600,
		"OutputIdentifier": "moonslime.excavation.h_strange_doll_yellow",
		"InputPriceBased": true,
		"OutputPriceMultiplier": 4,
		"OutputPriceIncrement": 200,
		"KeepInputQuality": false,
		"Sounds": ["fireball"],
		"PlacingAnimation": "CharcoalKilnSmoke",
		"PlacingAnimationColorName": "DarkGray",
		"PlacingAnimationOffsetY": 57,
		"PlacingAnimationOffsetX": -10
	},
	{
		"ProducerName": "moonslime.excavation.preservation_chamber",
		"InputIdentifier": "589",
		"InputStack": 1,
		"FuelIdentifier": "moonslime.excavation.h_display",
		"FuelStack": 1,
		"MinutesUntilReady": 1600,
		"OutputIdentifier": "moonslime.excavation.h_trilobite",
		"InputPriceBased": true,
		"OutputPriceMultiplier": 4,
		"OutputPriceIncrement": 200,
		"KeepInputQuality": false,
		"Sounds": ["fireball"],
		"PlacingAnimation": "CharcoalKilnSmoke",
		"PlacingAnimationColorName": "DarkGray",
		"PlacingAnimationOffsetY": 57,
		"PlacingAnimationOffsetX": -10
	},
	{
		"ProducerName": "moonslime.excavation.preservation_chamber",
		"InputIdentifier": "587",
		"InputStack": 1,
		"FuelIdentifier": "moonslime.excavation.w_display",
		"FuelStack": 1,
		"MinutesUntilReady": 800,
		"OutputIdentifier": "moonslime.excavation.w_amphibian_fossil",
		"InputPriceBased": true,
		"OutputPriceMultiplier": 2,
		"OutputPriceIncrement": 100,
		"KeepInputQuality": false,
		"Sounds": ["fireball"],
		"PlacingAnimation": "CharcoalKilnSmoke",
		"PlacingAnimationColorName": "DarkGray",
		"PlacingAnimationOffsetY": 57,
		"PlacingAnimationOffsetX": -10
	},
	{
		"ProducerName": "moonslime.excavation.preservation_chamber",
		"InputIdentifier": "117",
		"InputStack": 1,
		"FuelIdentifier": "moonslime.excavation.w_display",
		"FuelStack": 1,
		"MinutesUntilReady": 800,
		"OutputIdentifier": "moonslime.excavation.w_anchor",
		"InputPriceBased": true,
		"OutputPriceMultiplier": 2,
		"OutputPriceIncrement": 100,
		"KeepInputQuality": false,
		"Sounds": ["fireball"],
		"PlacingAnimation": "CharcoalKilnSmoke",
		"PlacingAnimationColorName": "DarkGray",
		"PlacingAnimationOffsetY": 57,
		"PlacingAnimationOffsetX": -10
	},
	{
		"ProducerName": "moonslime.excavation.preservation_chamber",
		"InputIdentifier": "103",
		"InputStack": 1,
		"FuelIdentifier": "moonslime.excavation.w_display",
		"FuelStack": 1,
		"MinutesUntilReady": 800,
		"OutputIdentifier": "moonslime.excavation.w_ancient_doll",
		"InputPriceBased": true,
		"OutputPriceMultiplier": 2,
		"OutputPriceIncrement": 100,
		"KeepInputQuality": false,
		"Sounds": ["fireball"],
		"PlacingAnimation": "CharcoalKilnSmoke",
		"PlacingAnimationColorName": "DarkGray",
		"PlacingAnimationOffsetY": 57,
		"PlacingAnimationOffsetX": -10
	},
	{
		"ProducerName": "moonslime.excavation.preservation_chamber",
		"InputIdentifier": "123",
		"InputStack": 1,
		"FuelIdentifier": "moonslime.excavation.w_display",
		"FuelStack": 1,
		"MinutesUntilReady": 800,
		"OutputIdentifier": "moonslime.excavation.w_ancient_drum",
		"InputPriceBased": true,
		"OutputPriceMultiplier": 2,
		"OutputPriceIncrement": 100,
		"KeepInputQuality": false,
		"Sounds": ["fireball"],
		"PlacingAnimation": "CharcoalKilnSmoke",
		"PlacingAnimationColorName": "DarkGray",
		"PlacingAnimationOffsetY": 57,
		"PlacingAnimationOffsetX": -10
	},
	{
		"ProducerName": "moonslime.excavation.preservation_chamber",
		"InputIdentifier": "114",
		"InputStack": 1,
		"FuelIdentifier": "moonslime.excavation.w_display",
		"FuelStack": 1,
		"MinutesUntilReady": 800,
		"OutputIdentifier": "moonslime.excavation.w_ancient_seed",
		"InputPriceBased": true,
		"OutputPriceMultiplier": 2,
		"OutputPriceIncrement": 100,
		"KeepInputQuality": false,
		"Sounds": ["fireball"],
		"PlacingAnimation": "CharcoalKilnSmoke",
		"PlacingAnimationColorName": "DarkGray",
		"PlacingAnimationOffsetY": 57,
		"PlacingAnimationOffsetX": -10
	},
	{
		"ProducerName": "moonslime.excavation.preservation_chamber",
		"InputIdentifier": "109",
		"InputStack": 1,
		"FuelIdentifier": "moonslime.excavation.w_display",
		"FuelStack": 1,
		"MinutesUntilReady": 800,
		"OutputIdentifier": "moonslime.excavation.w_ancient_sword",
		"InputPriceBased": true,
		"OutputPriceMultiplier": 2,
		"OutputPriceIncrement": 100,
		"KeepInputQuality": false,
		"Sounds": ["fireball"],
		"PlacingAnimation": "CharcoalKilnSmoke",
		"PlacingAnimationColorName": "DarkGray",
		"PlacingAnimationOffsetY": 57,
		"PlacingAnimationOffsetX": -10
	},
	{
		"ProducerName": "moonslime.excavation.preservation_chamber",
		"InputIdentifier": "101",
		"InputStack": 1,
		"FuelIdentifier": "moonslime.excavation.w_display",
		"FuelStack": 1,
		"MinutesUntilReady": 800,
		"OutputIdentifier": "moonslime.excavation.w_arrowhead",
		"InputPriceBased": true,
		"OutputPriceMultiplier": 2,
		"OutputPriceIncrement": 100,
		"KeepInputQuality": false,
		"Sounds": ["fireball"],
		"PlacingAnimation": "CharcoalKilnSmoke",
		"PlacingAnimationColorName": "DarkGray",
		"PlacingAnimationOffsetY": 57,
		"PlacingAnimationOffsetX": -10
	},
	{
		"ProducerName": "moonslime.excavation.preservation_chamber",
		"InputIdentifier": "119",
		"InputStack": 1,
		"FuelIdentifier": "moonslime.excavation.w_display",
		"FuelStack": 1,
		"MinutesUntilReady": 800,
		"OutputIdentifier": "moonslime.excavation.w_bone_flute",
		"InputPriceBased": true,
		"OutputPriceMultiplier": 2,
		"OutputPriceIncrement": 100,
		"KeepInputQuality": false,
		"Sounds": ["fireball"],
		"PlacingAnimation": "CharcoalKilnSmoke",
		"PlacingAnimationColorName": "DarkGray",
		"PlacingAnimationOffsetY": 57,
		"PlacingAnimationOffsetX": -10
	},
	{
		"ProducerName": "moonslime.excavation.preservation_chamber",
		"InputIdentifier": "105",
		"InputStack": 1,
		"FuelIdentifier": "moonslime.excavation.w_display",
		"FuelStack": 1,
		"MinutesUntilReady": 800,
		"OutputIdentifier": "moonslime.excavation.w_chewing_stick",
		"InputPriceBased": true,
		"OutputPriceMultiplier": 2,
		"OutputPriceIncrement": 100,
		"KeepInputQuality": false,
		"Sounds": ["fireball"],
		"PlacingAnimation": "CharcoalKilnSmoke",
		"PlacingAnimationColorName": "DarkGray",
		"PlacingAnimationOffsetY": 57,
		"PlacingAnimationOffsetX": -10
	},
	{
		"ProducerName": "moonslime.excavation.preservation_chamber",
		"InputIdentifier": "113",
		"InputStack": 1,
		"FuelIdentifier": "moonslime.excavation.w_display",
		"FuelStack": 1,
		"MinutesUntilReady": 800,
		"OutputIdentifier": "moonslime.excavation.w_chicken_statue",
		"InputPriceBased": true,
		"OutputPriceMultiplier": 2,
		"OutputPriceIncrement": 100,
		"KeepInputQuality": false,
		"Sounds": ["fireball"],
		"PlacingAnimation": "CharcoalKilnSmoke",
		"PlacingAnimationColorName": "DarkGray",
		"PlacingAnimationOffsetY": 57,
		"PlacingAnimationOffsetX": -10
	},
	{
		"ProducerName": "moonslime.excavation.preservation_chamber",
		"InputIdentifier": "100",
		"InputStack": 1,
		"FuelIdentifier": "moonslime.excavation.w_display",
		"FuelStack": 1,
		"MinutesUntilReady": 800,
		"OutputIdentifier": "moonslime.excavation.w_chipped_amphora",
		"InputPriceBased": true,
		"OutputPriceMultiplier": 2,
		"OutputPriceIncrement": 100,
		"KeepInputQuality": false,
		"Sounds": ["fireball"],
		"PlacingAnimation": "CharcoalKilnSmoke",
		"PlacingAnimationColorName": "DarkGray",
		"PlacingAnimationOffsetY": 57,
		"PlacingAnimationOffsetX": -10
	},
	{
		"ProducerName": "moonslime.excavation.preservation_chamber",
		"InputIdentifier": "107",
		"InputStack": 1,
		"FuelIdentifier": "moonslime.excavation.w_display",
		"FuelStack": 1,
		"MinutesUntilReady": 800,
		"OutputIdentifier": "moonslime.excavation.w_dinosaur_egg",
		"InputPriceBased": true,
		"OutputPriceMultiplier": 2,
		"OutputPriceIncrement": 100,
		"KeepInputQuality": false,
		"Sounds": ["fireball"],
		"PlacingAnimation": "CharcoalKilnSmoke",
		"PlacingAnimationColorName": "DarkGray",
		"PlacingAnimationOffsetY": 57,
		"PlacingAnimationOffsetX": -10
	},
	{
		"ProducerName": "moonslime.excavation.preservation_chamber",
		"InputIdentifier": "116",
		"InputStack": 1,
		"FuelIdentifier": "moonslime.excavation.w_display",
		"FuelStack": 1,
		"MinutesUntilReady": 800,
		"OutputIdentifier": "moonslime.excavation.w_dried_starfish",
		"InputPriceBased": true,
		"OutputPriceMultiplier": 2,
		"OutputPriceIncrement": 100,
		"KeepInputQuality": false,
		"Sounds": ["fireball"],
		"PlacingAnimation": "CharcoalKilnSmoke",
		"PlacingAnimationColorName": "DarkGray",
		"PlacingAnimationOffsetY": 57,
		"PlacingAnimationOffsetX": -10
	},
	{
		"ProducerName": "moonslime.excavation.preservation_chamber",
		"InputIdentifier": "122",
		"InputStack": 1,
		"FuelIdentifier": "moonslime.excavation.w_display",
		"FuelStack": 1,
		"MinutesUntilReady": 800,
		"OutputIdentifier": "moonslime.excavation.w_dwarf_gadget",
		"InputPriceBased": true,
		"OutputPriceMultiplier": 2,
		"OutputPriceIncrement": 100,
		"KeepInputQuality": false,
		"Sounds": ["fireball"],
		"PlacingAnimation": "CharcoalKilnSmoke",
		"PlacingAnimationColorName": "DarkGray",
		"PlacingAnimationOffsetY": 57,
		"PlacingAnimationOffsetX": -10
	},
	{
		"ProducerName": "moonslime.excavation.preservation_chamber",
		"InputIdentifier": "121",
		"InputStack": 1,
		"FuelIdentifier": "moonslime.excavation.w_display",
		"FuelStack": 1,
		"MinutesUntilReady": 800,
		"OutputIdentifier": "moonslime.excavation.w_dwarvisw_helm",
		"InputPriceBased": true,
		"OutputPriceMultiplier": 2,
		"OutputPriceIncrement": 100,
		"KeepInputQuality": false,
		"Sounds": ["fireball"],
		"PlacingAnimation": "CharcoalKilnSmoke",
		"PlacingAnimationColorName": "DarkGray",
		"PlacingAnimationOffsetY": 57,
		"PlacingAnimationOffsetX": -10
	},
	{
		"ProducerName": "moonslime.excavation.preservation_chamber",
		"InputIdentifier": "104",
		"InputStack": 1,
		"FuelIdentifier": "moonslime.excavation.w_display",
		"FuelStack": 1,
		"MinutesUntilReady": 800,
		"OutputIdentifier": "moonslime.excavation.w_elvisw_jewelry",
		"InputPriceBased": true,
		"OutputPriceMultiplier": 2,
		"OutputPriceIncrement": 100,
		"KeepInputQuality": false,
		"Sounds": ["fireball"],
		"PlacingAnimation": "CharcoalKilnSmoke",
		"PlacingAnimationColorName": "DarkGray",
		"PlacingAnimationOffsetY": 57,
		"PlacingAnimationOffsetX": -10
	},
	{
		"ProducerName": "moonslime.excavation.preservation_chamber",
		"InputIdentifier": "118",
		"InputStack": 1,
		"FuelIdentifier": "moonslime.excavation.w_display",
		"FuelStack": 1,
		"MinutesUntilReady": 800,
		"OutputIdentifier": "moonslime.excavation.w_glass_shards",
		"InputPriceBased": true,
		"OutputPriceMultiplier": 2,
		"OutputPriceIncrement": 100,
		"KeepInputQuality": false,
		"Sounds": ["fireball"],
		"PlacingAnimation": "CharcoalKilnSmoke",
		"PlacingAnimationColorName": "DarkGray",
		"PlacingAnimationOffsetY": 57,
		"PlacingAnimationOffsetX": -10
	},
	{
		"ProducerName": "moonslime.excavation.preservation_chamber",
		"InputIdentifier": "124",
		"InputStack": 1,
		"FuelIdentifier": "moonslime.excavation.w_display",
		"FuelStack": 1,
		"MinutesUntilReady": 800,
		"OutputIdentifier": "moonslime.excavation.w_golden_mask",
		"InputPriceBased": true,
		"OutputPriceMultiplier": 2,
		"OutputPriceIncrement": 100,
		"KeepInputQuality": false,
		"Sounds": ["fireball"],
		"PlacingAnimation": "CharcoalKilnSmoke",
		"PlacingAnimationColorName": "DarkGray",
		"PlacingAnimationOffsetY": 57,
		"PlacingAnimationOffsetX": -10
	},
	{
		"ProducerName": "moonslime.excavation.preservation_chamber",
		"InputIdentifier": "125",
		"InputStack": 1,
		"FuelIdentifier": "moonslime.excavation.w_display",
		"FuelStack": 1,
		"MinutesUntilReady": 800,
		"OutputIdentifier": "moonslime.excavation.w_golden_relic",
		"InputPriceBased": true,
		"OutputPriceMultiplier": 2,
		"OutputPriceIncrement": 100,
		"KeepInputQuality": false,
		"Sounds": ["fireball"],
		"PlacingAnimation": "CharcoalKilnSmoke",
		"PlacingAnimationColorName": "DarkGray",
		"PlacingAnimationOffsetY": 57,
		"PlacingAnimationOffsetX": -10
	},
	{
		"ProducerName": "moonslime.excavation.preservation_chamber",
		"InputIdentifier": "586",
		"InputStack": 1,
		"FuelIdentifier": "moonslime.excavation.w_display",
		"FuelStack": 1,
		"MinutesUntilReady": 800,
		"OutputIdentifier": "moonslime.excavation.w_nautilus_fossil",
		"InputPriceBased": true,
		"OutputPriceMultiplier": 2,
		"OutputPriceIncrement": 100,
		"KeepInputQuality": false,
		"Sounds": ["fireball"],
		"PlacingAnimation": "CharcoalKilnSmoke",
		"PlacingAnimationColorName": "DarkGray",
		"PlacingAnimationOffsetY": 57,
		"PlacingAnimationOffsetX": -10
	},
	{
		"ProducerName": "moonslime.excavation.preservation_chamber",
		"InputIdentifier": "106",
		"InputStack": 1,
		"FuelIdentifier": "moonslime.excavation.w_display",
		"FuelStack": 1,
		"MinutesUntilReady": 800,
		"OutputIdentifier": "moonslime.excavation.w_ornamental_fan",
		"InputPriceBased": true,
		"OutputPriceMultiplier": 2,
		"OutputPriceIncrement": 100,
		"KeepInputQuality": false,
		"Sounds": ["fireball"],
		"PlacingAnimation": "CharcoalKilnSmoke",
		"PlacingAnimationColorName": "DarkGray",
		"PlacingAnimationOffsetY": 57,
		"PlacingAnimationOffsetX": -10
	},
	{
		"ProducerName": "moonslime.excavation.preservation_chamber",
		"InputIdentifier": "588",
		"InputStack": 1,
		"FuelIdentifier": "moonslime.excavation.w_display",
		"FuelStack": 1,
		"MinutesUntilReady": 800,
		"OutputIdentifier": "moonslime.excavation.w_palm_fossil",
		"InputPriceBased": true,
		"OutputPriceMultiplier": 2,
		"OutputPriceIncrement": 100,
		"KeepInputQuality": false,
		"Sounds": ["fireball"],
		"PlacingAnimation": "CharcoalKilnSmoke",
		"PlacingAnimationColorName": "DarkGray",
		"PlacingAnimationOffsetY": 57,
		"PlacingAnimationOffsetX": -10
	},
	{
		"ProducerName": "moonslime.excavation.preservation_chamber",
		"InputIdentifier": "120",
		"InputStack": 1,
		"FuelIdentifier": "moonslime.excavation.w_display",
		"FuelStack": 1,
		"MinutesUntilReady": 800,
		"OutputIdentifier": "moonslime.excavation.w_prehistoric_handaxe",
		"InputPriceBased": true,
		"OutputPriceMultiplier": 2,
		"OutputPriceIncrement": 100,
		"KeepInputQuality": false,
		"Sounds": ["fireball"],
		"PlacingAnimation": "CharcoalKilnSmoke",
		"PlacingAnimationColorName": "DarkGray",
		"PlacingAnimationOffsetY": 57,
		"PlacingAnimationOffsetX": -10
	},
	{
		"ProducerName": "moonslime.excavation.preservation_chamber",
		"InputIdentifier": "115",
		"InputStack": 1,
		"FuelIdentifier": "moonslime.excavation.w_display",
		"FuelStack": 1,
		"MinutesUntilReady": 800,
		"OutputIdentifier": "moonslime.excavation.w_prehistoric_tool",
		"InputPriceBased": true,
		"OutputPriceMultiplier": 2,
		"OutputPriceIncrement": 100,
		"KeepInputQuality": false,
		"Sounds": ["fireball"],
		"PlacingAnimation": "CharcoalKilnSmoke",
		"PlacingAnimationColorName": "DarkGray",
		"PlacingAnimationOffsetY": 57,
		"PlacingAnimationOffsetX": -10
	},
	{
		"ProducerName": "moonslime.excavation.preservation_chamber",
		"InputIdentifier": "583",
		"InputStack": 1,
		"FuelIdentifier": "moonslime.excavation.w_display",
		"FuelStack": 1,
		"MinutesUntilReady": 800,
		"OutputIdentifier": "moonslime.excavation.w_prehistoric_rib",
		"InputPriceBased": true,
		"OutputPriceMultiplier": 2,
		"OutputPriceIncrement": 100,
		"KeepInputQuality": false,
		"Sounds": ["fireball"],
		"PlacingAnimation": "CharcoalKilnSmoke",
		"PlacingAnimationColorName": "DarkGray",
		"PlacingAnimationOffsetY": 57,
		"PlacingAnimationOffsetX": -10
	},
	{
		"ProducerName": "moonslime.excavation.preservation_chamber",
		"InputIdentifier": "579",
		"InputStack": 1,
		"FuelIdentifier": "moonslime.excavation.w_display",
		"FuelStack": 1,
		"MinutesUntilReady": 800,
		"OutputIdentifier": "moonslime.excavation.w_prehistoric_scapula",
		"InputPriceBased": true,
		"OutputPriceMultiplier": 2,
		"OutputPriceIncrement": 100,
		"KeepInputQuality": false,
		"Sounds": ["fireball"],
		"PlacingAnimation": "CharcoalKilnSmoke",
		"PlacingAnimationColorName": "DarkGray",
		"PlacingAnimationOffsetY": 57,
		"PlacingAnimationOffsetX": -10
	},
	{
		"ProducerName": "moonslime.excavation.preservation_chamber",
		"InputIdentifier": "581",
		"InputStack": 1,
		"FuelIdentifier": "moonslime.excavation.w_display",
		"FuelStack": 1,
		"MinutesUntilReady": 800,
		"OutputIdentifier": "moonslime.excavation.w_prehistoric_skull",
		"InputPriceBased": true,
		"OutputPriceMultiplier": 2,
		"OutputPriceIncrement": 100,
		"KeepInputQuality": false,
		"Sounds": ["fireball"],
		"PlacingAnimation": "CharcoalKilnSmoke",
		"PlacingAnimationColorName": "DarkGray",
		"PlacingAnimationOffsetY": 57,
		"PlacingAnimationOffsetX": -10
	},
	{
		"ProducerName": "moonslime.excavation.preservation_chamber",
		"InputIdentifier": "580",
		"InputStack": 1,
		"FuelIdentifier": "moonslime.excavation.w_display",
		"FuelStack": 1,
		"MinutesUntilReady": 800,
		"OutputIdentifier": "moonslime.excavation.w_prehistoric_tibia",
		"InputPriceBased": true,
		"OutputPriceMultiplier": 2,
		"OutputPriceIncrement": 100,
		"KeepInputQuality": false,
		"Sounds": ["fireball"],
		"PlacingAnimation": "CharcoalKilnSmoke",
		"PlacingAnimationColorName": "DarkGray",
		"PlacingAnimationOffsetY": 57,
		"PlacingAnimationOffsetX": -10
	},
	{
		"ProducerName": "moonslime.excavation.preservation_chamber",
		"InputIdentifier": "584",
		"InputStack": 1,
		"FuelIdentifier": "moonslime.excavation.w_display",
		"FuelStack": 1,
		"MinutesUntilReady": 800,
		"OutputIdentifier": "moonslime.excavation.w_prehistoric_vertebra",
		"InputPriceBased": true,
		"OutputPriceMultiplier": 2,
		"OutputPriceIncrement": 100,
		"KeepInputQuality": false,
		"Sounds": ["fireball"],
		"PlacingAnimation": "CharcoalKilnSmoke",
		"PlacingAnimationColorName": "DarkGray",
		"PlacingAnimationOffsetY": 57,
		"PlacingAnimationOffsetX": -10
	},
	{
		"ProducerName": "moonslime.excavation.preservation_chamber",
		"InputIdentifier": "108",
		"InputStack": 1,
		"FuelIdentifier": "moonslime.excavation.w_display",
		"FuelStack": 1,
		"MinutesUntilReady": 800,
		"OutputIdentifier": "moonslime.excavation.w_rare_disc",
		"InputPriceBased": true,
		"OutputPriceMultiplier": 2,
		"OutputPriceIncrement": 100,
		"KeepInputQuality": false,
		"Sounds": ["fireball"],
		"PlacingAnimation": "CharcoalKilnSmoke",
		"PlacingAnimationColorName": "DarkGray",
		"PlacingAnimationOffsetY": 57,
		"PlacingAnimationOffsetX": -10
	},
	{
		"ProducerName": "moonslime.excavation.preservation_chamber",
		"InputIdentifier": "112",
		"InputStack": 1,
		"FuelIdentifier": "moonslime.excavation.w_display",
		"FuelStack": 1,
		"MinutesUntilReady": 800,
		"OutputIdentifier": "moonslime.excavation.w_rusty_cog",
		"InputPriceBased": true,
		"OutputPriceMultiplier": 2,
		"OutputPriceIncrement": 100,
		"KeepInputQuality": false,
		"Sounds": ["fireball"],
		"PlacingAnimation": "CharcoalKilnSmoke",
		"PlacingAnimationColorName": "DarkGray",
		"PlacingAnimationOffsetY": 57,
		"PlacingAnimationOffsetX": -10
	},
	{
		"ProducerName": "moonslime.excavation.preservation_chamber",
		"InputIdentifier": "111",
		"InputStack": 1,
		"FuelIdentifier": "moonslime.excavation.w_display",
		"FuelStack": 1,
		"MinutesUntilReady": 800,
		"OutputIdentifier": "moonslime.excavation.w_rusty_spur",
		"InputPriceBased": true,
		"OutputPriceMultiplier": 2,
		"OutputPriceIncrement": 100,
		"KeepInputQuality": false,
		"Sounds": ["fireball"],
		"PlacingAnimation": "CharcoalKilnSmoke",
		"PlacingAnimationColorName": "DarkGray",
		"PlacingAnimationOffsetY": 57,
		"PlacingAnimationOffsetX": -10
	},
	{
		"ProducerName": "moonslime.excavation.preservation_chamber",
		"InputIdentifier": "110",
		"InputStack": 1,
		"FuelIdentifier": "moonslime.excavation.w_display",
		"FuelStack": 1,
		"MinutesUntilReady": 800,
		"OutputIdentifier": "moonslime.excavation.w_rusty_spoon",
		"InputPriceBased": true,
		"OutputPriceMultiplier": 2,
		"OutputPriceIncrement": 100,
		"KeepInputQuality": false,
		"Sounds": ["fireball"],
		"PlacingAnimation": "CharcoalKilnSmoke",
		"PlacingAnimationColorName": "DarkGray",
		"PlacingAnimationOffsetY": 57,
		"PlacingAnimationOffsetX": -10
	},
	{
		"ProducerName": "moonslime.excavation.preservation_chamber",
		"InputIdentifier": "582",
		"InputStack": 1,
		"FuelIdentifier": "moonslime.excavation.w_display",
		"FuelStack": 1,
		"MinutesUntilReady": 800,
		"OutputIdentifier": "moonslime.excavation.w_skeletal_hand",
		"InputPriceBased": true,
		"OutputPriceMultiplier": 2,
		"OutputPriceIncrement": 100,
		"KeepInputQuality": false,
		"Sounds": ["fireball"],
		"PlacingAnimation": "CharcoalKilnSmoke",
		"PlacingAnimationColorName": "DarkGray",
		"PlacingAnimationOffsetY": 57,
		"PlacingAnimationOffsetX": -10
	},
	{
		"ProducerName": "moonslime.excavation.preservation_chamber",
		"InputIdentifier": "585",
		"InputStack": 1,
		"FuelIdentifier": "moonslime.excavation.w_display",
		"FuelStack": 1,
		"MinutesUntilReady": 800,
		"OutputIdentifier": "moonslime.excavation.w_skeletal_tail",
		"InputPriceBased": true,
		"OutputPriceMultiplier": 2,
		"OutputPriceIncrement": 100,
		"KeepInputQuality": false,
		"Sounds": ["fireball"],
		"PlacingAnimation": "CharcoalKilnSmoke",
		"PlacingAnimationColorName": "DarkGray",
		"PlacingAnimationOffsetY": 57,
		"PlacingAnimationOffsetX": -10
	},
	{
		"ProducerName": "moonslime.excavation.preservation_chamber",
		"InputIdentifier": "126",
		"InputStack": 1,
		"FuelIdentifier": "moonslime.excavation.w_display",
		"FuelStack": 1,
		"MinutesUntilReady": 800,
		"OutputIdentifier": "moonslime.excavation.w_strange_doll_green",
		"InputPriceBased": true,
		"OutputPriceMultiplier": 2,
		"OutputPriceIncrement": 100,
		"KeepInputQuality": false,
		"Sounds": ["fireball"],
		"PlacingAnimation": "CharcoalKilnSmoke",
		"PlacingAnimationColorName": "DarkGray",
		"PlacingAnimationOffsetY": 57,
		"PlacingAnimationOffsetX": -10
	},
	{
		"ProducerName": "moonslime.excavation.preservation_chamber",
		"InputIdentifier": "127",
		"InputStack": 1,
		"FuelIdentifier": "moonslime.excavation.w_display",
		"FuelStack": 1,
		"MinutesUntilReady": 800,
		"OutputIdentifier": "moonslime.excavation.w_strange_doll_yellow",
		"InputPriceBased": true,
		"OutputPriceMultiplier": 2,
		"OutputPriceIncrement": 100,
		"KeepInputQuality": false,
		"Sounds": ["fireball"],
		"PlacingAnimation": "CharcoalKilnSmoke",
		"PlacingAnimationColorName": "DarkGray",
		"PlacingAnimationOffsetY": 57,
		"PlacingAnimationOffsetX": -10
	},
	{
		"ProducerName": "moonslime.excavation.preservation_chamber",
		"InputIdentifier": "589",
		"InputStack": 1,
		"FuelIdentifier": "moonslime.excavation.w_display",
		"FuelStack": 1,
		"MinutesUntilReady": 800,
		"OutputIdentifier": "moonslime.excavation.w_trilobite",
		"InputPriceBased": true,
		"OutputPriceMultiplier": 2,
		"OutputPriceIncrement": 100,
		"KeepInputQuality": false,
		"Sounds": ["fireball"],
		"PlacingAnimation": "CharcoalKilnSmoke",
		"PlacingAnimationColorName": "DarkGray",
		"PlacingAnimationOffsetY": 57,
		"PlacingAnimationOffsetX": -10
	},
	{
		"ProducerName": "moonslime.excavation.grinder",
		"InputIdentifier": "117",
		"InputStack": 1,
		"FuelStack": 0,
		"MinutesUntilReady": 800,
		"OutputIdentifier": "380",
		"OutputStack": 5,
		"KeepInputQuality": false,
		"Sounds": ["clank"],
		"PlacingAnimation": "CharcoalKilnSmoke",
		"PlacingAnimationColorName": "DarkGray",
		"PlacingAnimationOffsetY": 57,
		"PlacingAnimationOffsetX": -10
	},
	{
		"ProducerName": "moonslime.excavation.grinder",
		"InputIdentifier": "109",
		"InputStack": 1,
		"FuelStack": 0,
		"MinutesUntilReady": 800,
		"OutputIdentifier": "380",
		"OutputStack": 3,
		"KeepInputQuality": false,
		"Sounds": ["clank"],
		"PlacingAnimation": "CharcoalKilnSmoke",
		"PlacingAnimationColorName": "DarkGray",
		"PlacingAnimationOffsetY": 57,
		"PlacingAnimationOffsetX": -10
	},
	{
		"ProducerName": "moonslime.excavation.grinder",
		"InputIdentifier": "101",
		"InputStack": 1,
		"FuelStack": 0,
		"MinutesUntilReady": 800,
		"OutputIdentifier": "390",
		"OutputStack": 2,
		"KeepInputQuality": false,
		"Sounds": ["clank"],
		"PlacingAnimation": "CharcoalKilnSmoke",
		"PlacingAnimationColorName": "DarkGray",
		"PlacingAnimationOffsetY": 57,
		"PlacingAnimationOffsetX": -10
	},
	{
		"ProducerName": "moonslime.excavation.grinder",
		"InputIdentifier": "100",
		"InputStack": 1,
		"FuelStack": 0,
		"MinutesUntilReady": 800,
		"OutputIdentifier": "330",
		"OutputStack": 2,
		"KeepInputQuality": false,
		"Sounds": ["clank"],
		"PlacingAnimation": "CharcoalKilnSmoke",
		"PlacingAnimationColorName": "DarkGray",
		"PlacingAnimationOffsetY": 57,
		"PlacingAnimationOffsetX": -10
	},
	{
		"ProducerName": "moonslime.excavation.grinder",
		"InputIdentifier": "122",
		"InputStack": 1,
		"FuelStack": 0,
		"MinutesUntilReady": 800,
		"OutputIdentifier": "787",
		"OutputStack": 2,
		"KeepInputQuality": false,
		"Sounds": ["clank"],
		"PlacingAnimation": "CharcoalKilnSmoke",
		"PlacingAnimationColorName": "DarkGray",
		"PlacingAnimationOffsetY": 57,
		"PlacingAnimationOffsetX": -10
	},
	{
		"ProducerName": "moonslime.excavation.grinder",
		"InputIdentifier": "121",
		"InputStack": 1,
		"FuelStack": 0,
		"MinutesUntilReady": 800,
		"OutputIdentifier": "378",
		"OutputStack": 4,
		"KeepInputQuality": false,
		"Sounds": ["clank"],
		"PlacingAnimation": "CharcoalKilnSmoke",
		"PlacingAnimationColorName": "DarkGray",
		"PlacingAnimationOffsetY": 57,
		"PlacingAnimationOffsetX": -10
	},
	{
		"ProducerName": "moonslime.excavation.grinder",
		"InputIdentifier": "104",
		"InputStack": 1,
		"FuelStack": 0,
		"MinutesUntilReady": 800,
		"OutputIdentifier": "384",
		"OutputStack": 2,
		"Sounds": ["clank"],
		"PlacingAnimation": "CharcoalKilnSmoke",
		"PlacingAnimationColorName": "DarkGray",
		"PlacingAnimationOffsetY": 57,
		"PlacingAnimationOffsetX": -10
	},
	{
		"ProducerName": "moonslime.excavation.grinder",
		"InputIdentifier": "124",
		"InputStack": 1,
		"FuelStack": 0,
		"MinutesUntilReady": 800,
		"OutputIdentifier": "384",
		"OutputStack": 3,
		"Sounds": ["clank"],
		"PlacingAnimation": "CharcoalKilnSmoke",
		"PlacingAnimationColorName": "DarkGray",
		"PlacingAnimationOffsetY": 57,
		"PlacingAnimationOffsetX": -10
	},
	{
		"ProducerName": "moonslime.excavation.grinder",
		"InputIdentifier": "125",
		"InputStack": 1,
		"FuelStack": 0,
		"MinutesUntilReady": 800,
		"OutputIdentifier": "384",
		"OutputStack": 5,
		"Sounds": ["clank"],
		"PlacingAnimation": "CharcoalKilnSmoke",
		"PlacingAnimationColorName": "DarkGray",
		"PlacingAnimationOffsetY": 57,
		"PlacingAnimationOffsetX": -10
	},
	{
		"ProducerName": "moonslime.excavation.grinder",
		"InputIdentifier": "108",
		"InputStack": 1,
		"FuelStack": 0,
		"MinutesUntilReady": 800,
		"OutputIdentifier": "390",
		"OutputStack": 5,
		"Sounds": ["clank"],
		"PlacingAnimation": "CharcoalKilnSmoke",
		"PlacingAnimationColorName": "DarkGray",
		"PlacingAnimationOffsetY": 57,
		"PlacingAnimationOffsetX": -10
	},
	{
		"ProducerName": "moonslime.excavation.grinder",
		"InputIdentifier": "112",
		"InputStack": 1,
		"FuelStack": 0,
		"MinutesUntilReady": 800,
		"OutputIdentifier": "380",
		"OutputStack": 2,
		"KeepInputQuality": false,
		"Sounds": ["clank"],
		"PlacingAnimation": "CharcoalKilnSmoke",
		"PlacingAnimationColorName": "DarkGray",
		"PlacingAnimationOffsetY": 57,
		"PlacingAnimationOffsetX": -10
	},
	{
		"ProducerName": "moonslime.excavation.grinder",
		"InputIdentifier": "111",
		"InputStack": 1,
		"FuelStack": 0,
		"MinutesUntilReady": 800,
		"OutputIdentifier": "380",
		"OutputStack": 2,
		"KeepInputQuality": false,
		"Sounds": ["clank"],
		"PlacingAnimation": "CharcoalKilnSmoke",
		"PlacingAnimationColorName": "DarkGray",
		"PlacingAnimationOffsetY": 57,
		"PlacingAnimationOffsetX": -10
	},
	{
		"ProducerName": "moonslime.excavation.grinder",
		"InputIdentifier": "110",
		"InputStack": 1,
		"FuelStack": 0,
		"MinutesUntilReady": 800,
		"OutputIdentifier": "380",
		"OutputStack": 2,
		"KeepInputQuality": false,
		"Sounds": ["clank"],
		"PlacingAnimation": "CharcoalKilnSmoke",
		"PlacingAnimationColorName": "DarkGray",
		"PlacingAnimationOffsetY": 57,
		"PlacingAnimationOffsetX": -10
	},
	{
		"ProducerName": "moonslime.excavation.grinder",
		"InputIdentifier": "589",
		"InputStack": 1,
		"FuelStack": 0,
		"MinutesUntilReady": 800,
		"OutputIdentifier": "380",
		"OutputStack": 2,
		"KeepInputQuality": false,
		"Sounds": ["clank"],
		"PlacingAnimation": "CharcoalKilnSmoke",
		"PlacingAnimationColorName": "DarkGray",
		"PlacingAnimationOffsetY": 57,
		"PlacingAnimationOffsetX": -10
	},
	{
		"ProducerName": "moonslime.excavation.ancient_battery",
		"InputIdentifier": "350",
		"InputStack": 1,
		"FuelIdentifier": "330",
		"FuelStack": 40,
		"MinutesUntilReady": 1100,
		"OutputIdentifier": "787",
		"OutputStack": 1,
		"KeepInputQuality": false,
		"Sounds": ["clank"],
		"PlacingAnimation": "Bubbles",
		"PlacingAnimationColorName": "DarkGray",
		"PlacingAnimationOffsetY": 57,
		"PlacingAnimationOffsetX": -10
	}
]