﻿{
    "Name": "moonslime.cooking.skewers",
    "TranslationKey": "moonslime.cooking.skewers",
    "Category": "Cooking",
    "Edibility": 58,
    "EdibleIsDrink": false,
    "EdibleBuffs": null,
    "Price": 280,
    "IsColored": false,
    "CanPurchase": false,
    "PurchaseFrom": "Gus",
    "PurchasePrice": 300,
    "PurchaseRequirements": null,
    "Recipe": {
        "ResultCount": 1,
        "Ingredients": [
            {
                "Object": 832,
                "Count": 1
            },
            {
                "Object": 24,
                "Count": 1
            },
            {
                "Object": 272,
                "Count": 1
            }
        ],
        "CanPurchase": false,
        "PurchaseFrom": "Gus",
        "PurchasePrice": 500,
        "PurchaseRequirements": null
    },
    "GiftTastes": {
        "Love": [
            "Willy",
            "Demetrius"
        ],
        "Like": [
            "Vincent",
            "Jas",
            "Penny",
            "Gus",
            "Leah",
            "Marnie",
            "Clint",
            "Evelyn",
            "George",
            "Abigail",
            "Alex",
            "Caroline",
            "Elliott",
            "Emily",
            "Haley",
            "Jodi",
            "Lewis",
            "Linus",
            "Maru",
            "Pierre",
            "Robin",
            "Sam",
            "Sandy",
            "Pam"
        ],
        "Neutral": [
            "Kent",
            "Wizard"
        ],
        "Dislike": [
            "Shane",
            "Sebastian",
            "Dwarf",
            "Harvey"
        ],
        "Hate": [
            "Krobus"
        ]
    }
}
