﻿{
    "Name": "moonslime.excavation.grinder",
    "Price": 100,
    "ProvidesLight": false,
    "ReserveExtraIndexCount": 6,
    "Recipe": {
        "ResultCount": 1,
        "Ingredients": [
            {
                "Object": 112,
                "Count": 10
            },
			{
                "Object": 335,
                "Count": 5
            },
			{
                "Object": 787,
                "Count": 1
            }
        ],
        "CanPurchase": false
    },
    "CanPurchase": false,
    "TranslationKey": "moonslime.excavation.grinder"
}
